ID,NAME,ADDRESS,CITY,STATE,ZIP,PHONE,UTILIZATION
6709036e-5c16-4eb8-9002-157ab1e5f51f,ALBANY MEMORIAL HOSPITAL,600 NORTHERN BOULEVARD,ALBANY,NY,12204,5184713490,7443
475a90c9-be73-4dba-b816-cc868d139e5b,HEALTHALLIANCE HOSPITAL BROADWAY CAMPUS,396 BROADWAY,KINGSTON,NY,12401,9143313131,5180
e9e1f9e9-196b-4cdf-bd05-0590cd0319aa,KALEIDA HEALTH,726 EXCHANGE STREET  SUITE 522,BUFFALO,NY,14210,7168598620,16473
d448f48b-0430-4561-8ba5-6ca1c9145eb5,ST JOSEPH'S MEDICAL CENTER,127 SOUTH BROADWAY,YONKERS,NY,10701,9143787000,9836
772bfb10-4364-484d-b885-a2dea78c7ea4,WYOMING COUNTY COMMUNITY HOSPITAL,400 NORTH MAIN STREET,WARSAW,NY,14569,5857862233,739
b2ec7823-a44f-4a7c-a3bc-c629c3847dc8,OUR LADY OF LOURDES MEMORIAL HOSPITAL  INC,169 RIVERSIDE DRIVE,BINGHAMTON,NY,13905,6077985111,2044
0ecaf251-e3c8-48b5-afe0-665c3dc87631,JAMAICA HOSPITAL MEDICAL CENTER,89TH AVENUE AND VAN WYCK EXPRESSWAY,JAMAICA,NY,11418,7182626000,21257
ead3dbb5-a39b-4f00-a028-81756a990ac6,VASSAR BROTHERS MEDICAL CENTER,45 READE PLACE,POUGHKEEPSIE,NY,12601,8454548500,5627
0544d5d3-5286-4e16-954e-bb0a7ec8bef7,NASSAU UNIVERSITY MEDICAL CENTER,2201 HEMPSTEAD TURNPIKE,EAST MEADOW,NY,11554,5165720123,385
84d8bc45-6c2c-4ec3-b23d-f5cdbdfedc8e,NEWARK-WAYNE COMMUNITY HOSPITAL,111 DRIVING PARK AVENUE,NEWARK,NY,14513,3153322022,1814
8bbd772d-20fd-4021-ab1f-bcd2ff1db510,CHENANGO MEMORIAL HOSPITAL  INC,179 NORTH BROAD STREET,NORWICH,NY,13815,6073354111,255
d45a48fd-ffcb-4ef1-a049-f89b20f4f716,FAXTON-ST LUKE'S HEALTHCARE,1656 CHAMPLIN AVENUE,UTICA,NY,13503,3157986000,2515
d7a34995-cc87-423f-b2c5-4d8bbbc5230a,HUNTINGTON HOSPITAL,270 PARK AVENUE,HUNTINGTON,NY,11743,6313512000,586
263d940a-4ed8-4371-8a16-d98101d0ac92,ST MARY'S HOSPITAL AT AMSTERDAM,427 GUY PARK AVENUE,AMSTERDAM,NY,12010,5188417101,1284
5d6f2ba3-8838-46bd-88ef-4b2bbd0bde99,NORTHERN DUTCHESS HOSPITAL,6511 SPRINGBROOK AVENUE,RHINEBECK,NY,12572,8458713391,652
63c9c7b7-b191-4d69-b0f9-a344f9858864,GENEVA GENERAL HOSPITAL,196 -198 NORTH STREET,GENEVA,NY,14456,3157874175,141
978845c1-ae85-478e-a52f-8229c676cda4,MONTEFIORE MEDICAL CENTER,111 EAST 210TH STREET,BRONX,NY,10467,7189204321,1419
4086a157-11e4-4d5e-b7a7-0da21aac9aac,NIAGARA FALLS MEMORIAL MEDICAL CENTER,621 TENTH STREET,NIAGARA FALLS,NY,14302,7162784000,2239
6548e4ab-d2af-4948-8f4b-0f372a139b2d,UNITED MEMORIAL MEDICAL CENTER,127 NORTH STREET,BATAVIA,NY,14020,5853436030,838
89cad572-81e2-4c02-b63c-c9dc3acf5f35,F F THOMPSON HOSPITAL,350 PARRISH STREET,CANANDAIGUA,NY,14424,5853966000,1805
aa4a2e08-e2fb-4774-b17d-50e48e6da496,SISTERS OF CHARITY HOSPITAL,2157 MAIN STREET,BUFFALO,NY,14214,7168621000,942
02984981-3fd7-4804-a74e-a5c40efe0c28,ADIRONDACK MEDICAL CENTER,2233 STATE ROUTE 86,SARANAC LAKE,NY,12983,5188914141,2045
d3430fe5-9bcb-47d3-a278-7bd50e8fcfea,ALICE HYDE MEDICAL CENTER,133 PARK STREET,MALONE,NY,12953,5184833000,494
6f2e11d2-06b0-45db-b093-f180402af1b8,AURELIA OSBORN FOX MEMORIAL HOSPITAL,ONE NORTON AVENUE,ONEONTA,NY,13820,6074322000,246
2a6a6d6d-4e51-4c3f-adde-e47657a1f4b9,MONTEFIORE MOUNT VERNON HOSPITAL,12 NORTH 7TH AVENUE,MOUNT VERNON,NY,10550,9146648000,3118
ed3dc75e-a829-499b-8eef-061dc341ea2b,EASTERN LONG ISLAND HOSPITAL,201 MANOR PLACE,GREENPORT,NY,11944,6314771000,2511
b12c4c09-8b23-4785-a489-8605cbefa14c,ARNOT OGDEN MEDICAL CENTER,600 ROE AVENUE,ELMIRA,NY,14905,6077374100,4324
55387e9f-c168-4e77-9861-c27034ce3220,COLUMBIA MEMORIAL HOSPITAL,71 PROSPECT AVENUE,HUDSON,NY,12534,5188287601,450
c5850719-0fc6-4726-98f4-d53bb0ab2443,JONES MEMORIAL HOSPITAL,191 NORTH MAIN STREET,WELLSVILLE,NY,14895,5855931100,662
cb5e7b74-759e-44dc-961d-dd6037f5847d,KENMORE MERCY HOSPITAL,2950 ELMWOOD AVENUE,KENMORE,NY,14217,7164476100,2858
9fd65dd9-cceb-4cb8-ac09-cd4654123088,OLEAN GENERAL HOSPITAL,515 MAIN STREET,OLEAN,NY,14760,7163732600,615
4d8114cf-ffb5-49ff-a309-64bd8f212a75,NYACK HOSPITAL,160 NORTH MIDLAND AVENUE,NYACK,NY,10960,8453482000,720
9fc77120-2670-4514-8c70-d887c21bba62,NORTH SHORE UNIVERSITY HOSPITAL,300 COMMUNITY DRIVE,MANHASSET,NY,11030,5165620100,3396
a38ce145-90c7-4df1-9a91-88394e15e27a,PECONIC BAY MEDICAL CENTER,1300 ROANOKE AVENUE,RIVERHEAD,NY,11901,6315486000,3404
4f758e05-3e21-4730-87c4-fbe5513f0da7,BERTRAND CHAFFEE HOSPITAL,224 EAST MAIN STREET,SPRINGVILLE,NY,14141,7165922871,1979
1c612637-cd4c-48cf-b0a9-3cd7eb42815e,ONEIDA HEALTHCARE,321 GENESEE STREET,ONEIDA,NY,13421,3153636000,2197
89f65d61-7466-47ac-be5e-554bd82ff5e2,ROCHESTER GENERAL HOSPITAL,1425 PORTLAND AVENUE,ROCHESTER,NY,14621,5859224000,16813
fd02e0dc-a921-4a98-beda-19a646fc3c4f,ORANGE REGIONAL MEDICAL CENTER,707 EAST MAIN STREET,MIDDLETOWN,NY,10940,8453432424,512
df7dba32-34e1-4d07-a4ab-4d699fdb17a4,TLC HEALTH NETWORK,845 ROUTES 5 AND 20,IRVING,NY,14081,7165323377,2457
0a7e9e91-d69a-4695-bda7-6f68842d784f,BON SECOURS COMMUNITY HOSPITAL,160 EAST MAIN STREET,PORT JERVIS,NY,12771,8458565351,1226
776ad621-699e-45ef-920c-e89f742acc32,MARY IMOGENE BASSETT HOSPITAL,ONE ATWELL ROAD,COOPERSTOWN,NY,13326,6075473456,666
844faa35-c227-4096-88f6-81e65b19758a,ST JOSEPH'S HOSPITAL HEALTH CENTER,301 PROSPECT AVENUE,SYRACUSE,NY,13203,3154485111,15373
4a2430ae-48a2-4ba3-b963-1b7fe996deab,BROOKHAVEN MEMORIAL HOSPITAL MEDICAL CENTER,101 HOSPITAL ROAD,PATCHOGUE,NY,11772,6316547100,769
d4bdcfe7-87ca-4796-b1ac-9696c944925d,IRA DAVENPORT MEMORIAL HOSPITAL  INC,7571 STATE ROUTE 54,BATH,NY,14810,6077768500,402
8d01df81-7c96-48a0-a601-415ce76493a5,ST JAMES MERCY HOSPITAL,411 CANISTEO STREET,HORNELL,NY,14843,6073248000,346
51747305-b858-4a42-bbb7-bf58f202606a,ELLIS HOSPITAL,1101 NOTT STREET,SCHENECTADY,NY,12308,5182434000,5265
0feef2b0-3e36-4fb2-8eea-a8f9d8c6bfcd,SAMARITAN MEDICAL CENTER,830 WASHINGTON STREET,WATERTOWN,NY,13601,3157854121,1361
f6a101cd-4b43-4834-b9b0-2a82ae2d89e3,GOOD SAMARITAN HOSPITAL OF SUFFERN,255 LAFAYETTE AVENUE,SUFFERN,NY,10901,9143685000,4409
61bb792a-e944-47a8-8e28-2eb8490ad23f,NORTHERN WESTCHESTER HOSPITAL,400 EAST MAIN STREET,MOUNT KISCO,NY,10549,9146661200,7043
68782220-d8d3-4261-973a-01c24067d1ad,EASTERN NIAGARA HOSPITAL,521 EAST AVENUE,LOCKPORT,NY,14094,7165145700,3087
95182021-8c1f-49c8-9044-cbc56d67116f,WESTFIELD MEMORIAL HOSPITAL  INC,189 EAST MAIN STREET,WESTFIELD,NY,14787,7163264921,641
1c3440e4-0d69-49fe-b3a3-c2cb765f9c0f,NYU WINTHROP HOSPITAL,259 FIRST STREET,MINEOLA,NY,11501,5166630333,2951
baedb501-323a-41df-b938-38ee7ba0d6ff,CORTLAND REGIONAL MEDICAL CENTER  INC,134 HOMER AVENUE,CORTLAND,NY,13045,6077563500,2705
94eb8a6e-e1b4-4ff8-83eb-d5e4934fd142,SAMARITAN HOSPITAL,2215 BURDETT AVENUE,TROY,NY,12180,5182713300,7905
b844b216-8b19-4fc7-962a-e807c521ac75,GLEN COVE HOSPITAL,101 ST ANDREWS LANE,GLEN COVE,NY,11542,5166747300,571
67919628-a40a-4584-86f8-2b5beb540b96,MONTEFIORE NEW ROCHELLE HOSPITAL,16 GUION PLACE,NEW ROCHELLE,NY,10802,9146325000,3158
4b31eb89-3f5f-4314-b610-8a2da6ef12a6,JOHN T MATHER MEMORIAL HOSPITAL  OF PORT JEFFERSON,75 NORTH COUNTRY ROAD,PORT JEFFERSON,NY,11777,6314731320,360
b965eac0-4a81-4185-bb14-127aace9e260,GLENS FALLS HOSPITAL,100 PARK STREET,GLENS FALLS,NY,12801,5189261000,3928
e5e8e910-bb9d-410e-be62-585101d2445d,LONG ISLAND JEWISH MEDICAL CENTER,270 - 05 76TH AVENUE,NEW HYDE PARK,NY,11040,7184707000,780
eb6af95a-6365-4f51-8c4f-7a9e9cd893ea,CANTON-POTSDAM HOSPITAL,50 LEROY STREET,POTSDAM,NY,13676,3152653300,884
854d1aa5-8cc1-457b-9743-765474b34c03,SOUTH NASSAU COMMUNITIES HOSPITAL,ONE HEALTHY WAY,OCEANSIDE,NY,11572,5166323000,1328
ac763746-64ba-4b8f-bb35-f600824ddee7,ST ANTHONY COMMUNITY HOSPITAL,15 - 19  MAPLE AVENUE,WARWICK,NY,10990,8459862276,671
5b7ff8c9-83ff-4455-9b4e-59e27c8c21f0,CLAXTON-HEPBURN MEDICAL CENTER,214 KING STREET,OGDENSBURG,NY,13669,3153933600,656
202321e1-f338-4996-9456-9b0d87a74cac,ROME MEMORIAL HOSPITAL  INC,1500 NORTH JAMES STREET,ROME,NY,13440,3153387000,1502
12f4ace3-368e-4fe3-a85e-bca4e63483b9,OSWEGO HOSPITAL,110 WEST SIXTH STREET,OSWEGO,NY,13126,3153495511,1784
b1647847-1fe5-438e-8aa0-23df5c73aa0b,SARATOGA HOSPITAL,211 CHURCH STREET,SARATOGA SPRINGS,NY,12866,5185873222,1117
720c891c-6b85-4d9e-af2b-7c500e8deee3,MASSENA MEMORIAL HOSPITAL,1 HOSPITAL DRIVE,MASSENA,NY,13662,3157641711,461
768fe111-aa93-4dc5-8497-8e9fbba70991,BROOKS MEMORIAL HOSPITAL,529 CENTRAL AVENUE,DUNKIRK,NY,14048,7163661111,1400
07f27ac0-cb32-4247-aa57-187daec80715,WESTCHESTER MEDICAL CENTER,100 WOODS RD,VALHALLA,NY,10595,9142857017,1403
dcce2c6e-8634-47c3-8ad9-c5a581bef6cc,AUBURN  COMMUNITY  HOSPITAL,17 LANSING STREET,AUBURN,NY,13021,3152557011,1547
912a2e81-9dca-4559-a0a9-4753f3114c02,NICHOLAS H NOYES MEMORIAL HOSPITAL,111  CLARA BARTON STREET,DANSVILLE,NY,14437,5853356001,587
116fd74b-7812-46c4-a6e2-02afd2192a2a,WOMAN'S CHRISTIAN ASSOCIATION,207 FOOTE AVENUE,JAMESTOWN,NY,14701,7164870141,1147
f93fe65e-12c0-435f-83f5-8aad31731020,CHAMPLAIN VALLEY PHYSICIANS HOSPITAL MEDICAL CTR,75 BEEKMAN STREET,PLATTSBURGH,NY,12901,5185627767,1465
9d891662-15bf-4b00-b28a-034d916e38fd,MERCY MEDICAL CENTER,1000 NORTH VILLAGE AVENUE,ROCKVILLE CENTRE,NY,11570,5167052525,4087
8a776898-f81a-4767-b940-30b7d270d566,PHELPS MEMORIAL HOSPITAL ASSN,701 NORTH BROADWAY,SLEEPY HOLLOW,NY,10591,9143663000,21
389e9074-c8d0-4b45-ac56-acdebba7d221,ST LUKE'S CORNWALL HOSPITAL,70 DUBOIS STREET,NEWBURGH,NY,12550,8455614400,3350
8bb463ec-10e5-4f83-adc2-93d3df00c680,CLIFTON SPRINGS HOSPITAL AND CLINIC,2 COULTER ROAD,CLIFTON SPRINGS,NY,14432,3154629561,490
2284cd3a-1c5a-4e48-95a8-d295067c5f07,NEW YORK-PRESBYTERIAN/HUDSON VALLEY HOSPITAL,1980 CROMPOND ROAD,CORTLANDT MANOR,NY,10567,9147343611,1068
6a0b2c73-bd29-43d7-8917-f60de0264009,COBLESKILL REGIONAL HOSPITAL,178 GRANDVIEW DRIVE,COBLESKILL,NY,12043,5182543300,907
99448db0-9d44-4e70-9d69-c1c9131cd659,PUTNAM HOSPITAL CENTER,670 STONELEIGH AVENUE,CARMEL,NY,10512,9142795711,3116
5df4fc49-826e-45fd-bd76-82fb5a031e4a,NATHAN LITTAUER HOSPITAL,99 EAST STATE STREET,GLOVERSVILLE,NY,12078,5187258621,2174
b34ed7a6-3dff-4731-adee-cc38aeb3e98e,CORNING HOSPITAL,1 GUTHRIE DRIVE,CORNING,NY,14830,6079377200,1059
3ce8241d-1298-4494-add3-e20c039f016b,GOOD SAMARITAN HOSPITAL MEDICAL CENTER,1000 MONTAUK HIGHWAY,WEST ISLIP,NY,11795,6313763000,2871
ebfdc95f-3dda-41cc-bf77-31d7cfa3e321,WHITE PLAINS HOSPITAL CENTER,41 EAST POST R0AD,WHITE PLAINS,NY,10601,9146810600,3883
01ccb9db-c235-4d55-ace1-f7d512f078a2,CAYUGA MEDICAL CENTER AT ITHACA,101 DATES DRIVE,ITHACA,NY,14850,6072744401,3982
d06ea568-536d-4b75-91f7-25a68a7e6b97,PLAINVIEW HOSPITAL,888 OLD COUNTRY ROAD,PLAINVIEW,NY,11803,5167193000,709
6513c9f5-ce2d-48f5-985b-89905af8c5d5,ST JOSEPH HOSPITAL,4295 HEMPSTEAD TURNPIKE,BETHPAGE,NY,11714,5165796000,548
02eb1fed-e16a-4451-88a1-8e2f3f56af56,SOUTHAMPTON HOSPITAL,240 MEETING HOUSE LANE,SOUTHAMPTON,NY,11968,6317268300,53
7ad641db-33c1-4148-8583-e8cc4bbd43f3,CATSKILL REGIONAL MEDICAL CENTER,68 HARRIS BUSHVILLE ROAD,HARRIS,NY,12742,8457943300,1342
7e87fa6a-3a37-49ef-bd5f-d21d25178ee0,UNIVERSITY HOSPITAL ( STONY BROOK ),HEALTH SCIENCES CENTER SUNY,STONY BROOK,NY,11794,6314444000,395
f81af9e1-43fb-4fb3-8bbb-a4c4c23b9e30,UNITED HEALTH SERVICES HOSPITALS  INC,10-42 MITCHELL AVENUE,BINGHAMTON,NY,13903,6077636000,2146
b25aa936-5ed9-490b-b223-d0016a116262,ST JOHN'S EPISCOPAL HOSPITAL AT SOUTH SHORE,327 BEACH 19TH STREET,FAR ROCKAWAY,NY,11691,7188697000,5609
e6e0ffdc-4bde-4815-9d79-37328a79832d,HELEN HAYES HOSPITAL,51 NORTH ROUTE 9W,WEST HAVERSTRAW,NY,10993,8457864000,2380
0f6b51d1-6a4f-4784-b5a3-22d86b224bc4,TRI-TOWN REGIONAL HEALTHCARE,43 WEST PEARL STREET,SIDNEY,NY,13838,6075637080,614
724ec30c-bfc7-461c-9ca4-6f5999ad811c,CUBA MEMORIAL HOSPITAL  INC,140 WEST MAIN STREET,CUBA,NY,14727,5859612000,762
60bfc0de-4a35-4106-b368-a99461771555,ELIZABETHTOWN COMMUNITY HOSPITAL,75 PARK STREET,ELIZABETHTOWN,NY,12932,5188736377,162
0897886e-7bc5-4ee0-94f1-eddf5aacb21b,CATSKILL REGIONAL MEDICAL CENTER - G HERMANN SITE,8081 ROUTE 97,CALLICOON,NY,12723,8458875530,178
7d0a84dc-c905-4112-8f6e-93d7db819df1,O'CONNOR HOSPITAL,460 ANDES ROAD,DELHI,NY,13753,6077460300,344
32b87c68-84a8-4665-82a4-d641ae5cfaae,MOSES-LUDINGTON HOSPITAL,1019 WICKER STREET,TICONDEROGA,NY,12883,5185853700,840
61fb7113-6a5a-4580-9af7-bb811d52fcba,CLIFTON FINE HOSPITAL,1014 OSWEGATCHIE TRAIL,STAR LAKE,NY,13690,3158483351,900
f24d39fa-9428-4835-b0e9-69af946c9f85,RIVER HOSPITAL  INC,4 FULLER STREET,ALEXANDRIA BAY,NY,13607,3154822511,229
c6bd227a-119d-424a-917b-1f9c68818554,ELLENVILLE REGIONAL HOSPITAL,10 HEALTHY WAY,ELLENVILLE,NY,12428,8456476400,3176
01ff1adf-ab4b-41bb-a7a9-e61d236f099a,LITTLE FALLS HOSPITAL,140 BURWELL STREET,LITTLE FALLS,NY,13365,3158235261,2320
1ffc0733-3bf9-4bf3-900c-b6e0c521ab11,DELAWARE VALLEY HOSPITAL  INC,1 TITUS PLACE,WALTON,NY,13856,6078652188,3225
4afdfe15-791d-4ee3-9679-c72eb9685281,SCHUYLER HOSPITAL  INC,220 STEUBEN STREET,MONTOUR FALLS,NY,14865,6075307121,32
04088926-3c71-47ae-8aec-647501071a6d,SOLDIERS AND SAILORS MEMORIAL HOSPITAL OF YATES,418 NORTH MAIN STREET,PENN YAN,NY,14527,3157874175,810
37360279-019e-41da-b97f-5648a09b481c,GOUVERNEUR HOSPITAL,77 WEST BARNEY STREET,GOUVERNEUR,NY,13642,3152871000,153
e51baa76-8ba6-4dc0-a9bc-928c0502c97f,LEWIS COUNTY GENERAL HOSPITAL,7785 NORTH STATE STREET,LOWVILLE,NY,13367,3153765200,1034
9a700d57-e940-4fc4-a6df-bc207d63da15,MEDINA MEMORIAL HOSPITAL,200 OHIO STREET,MEDINA,NY,14103,5857988111,712
cc5dbbac-3419-4c62-8239-d8bc65bd7a60,VA Western New York Healthcare System at Batavia,222 Richmond Avenue,Batavia,NY,14020,585-297-1000,1
0ebff1f8-4831-478e-b7d4-04b5b5159e65,Kingston VA Outpatient Clinic,324 Plaza Road,Kingston,NY,12401,845-331-8322,59
0fdcac7d-6cb2-463a-a759-b48d49eba11a,Lackawanna VA Outpatient Clinic,1234 Abbott Road,Lackawanna,NY,14218,716-821-7815,1
ea73abd3-8156-48bc-830a-27a29d1ede86,Babylon Vet Center,100 West Main Street,Babylon,NY,11702,631-661-3930 Or 631-661-3930,1
b76b2fb1-e08b-41c5-b252-091f8a558a9f,ISLAND URGENT MEDICAL CARE,1228 EAST MAIN STREET,RIVERHEAD,NY,11901,631-727-8032,383
3c08dac0-c7b5-4a46-9c5f-824b4dba7b16,Z MEDICAL CARE,128 GLEN STREET,GLEN COVE,NY,11542,516-802-5562,6
da857106-57fc-47f5-85b3-d2a8a7d8d587,FIRST MED URGENT CARE,292 HERRICKS ROAD,MINEOLA,NY,11501,516-294-8910,2
c96a7ceb-fcab-4c96-b159-80b325808d18,THE MED STATION,104 FOREST AVENUE,GLEN COVE,NY,11542,516-759-5406,2
f89cb028-6f89-4861-9cb3-7ae63fb8ea44,BISHOP ORRIS MEDICAL CENTER URGENT CARE,1536 BEDFORD AVENUE,BROOKLYN,NY,11216,718-613-7375,259
c9c7c9bf-0bcc-4bf7-a099-cf68656c8722,PRIME CARE MEDICAL,504 MONTAUK HIGHWAY,CENTER MORICHES,NY,11934,631-878-2222,3
7e16ef2e-3128-496d-90ef-cf448c4b735f,LONG ISLAND MEDICAL CARE SERVICES,986 SUNRISE HIGHWAY,WEST BABYLON,NY,11704,631-587-6060,3
fc77bd6b-aba4-4c74-9af2-0874ad9b5952,CENTEREACH URGENT CARE,18 EASTWOOD BOULEVARD,CENTEREACH,NY,11720,631-467-3600,3
c2000f72-eac7-4f7c-9896-939af6a88922,MEDICENTER,365 WEST JERICHO TURNPIKE,HUNTINGTON,NY,11743,631-423-5400,8
04d63885-755b-4e20-9589-127b0a7a3dfb,WESTERN NEW YORK IMMEDIATE CARE - NIAGARA FALLS,2099 NIAGARA FALLS BOULEVARD,AMHERST,NY,14228,716-564-2273,54
d29ef78b-1eb4-4243-8edd-856d588a479a,EASTSIDE MEDICAL URGENT CARE,2226 PENFIELD ROAD,PENFIELD,NY,14526,585-388-5280,29
6d12f20a-5cc2-4d53-be7d-7617a320b625,IMMEDIATE MEDICAL CARE ASSOCIATES,5700 WEST GENESEE STREET,CAMILLUS,NY,13031,315-488-6393,16
aa68e53b-2b12-4834-9880-5e0bb91ce486,MEDICUS,1418 UNION AVENUE,NEWBURGH,NY,12550,845-564-1418,6
3293c1f7-aa8a-47d5-8a4f-054643806b5a,TUG HILL URGENT CARE,7518 SOUTH STATE STREET,LOWVILLE,NY,13367,315-376-2273,5
cf594616-c78d-4c4d-b368-30e93e31aeb5,URGENT CARE OF WESTCHESTER,155 WHITE PLAINS ROAD,TARRYTOWN,NY,10591,914-372-7171,333
86fcafd4-6101-414a-8882-5e52e0a37581,IMMEDIATE MEDICAL CARE OF CENTRAL NEW YORK,8240 CAZENOVIA ROAD,MANLIUS,NY,13104,315-682-0909,6
de7bae6e-1944-4cc9-b9ef-d506d6bc70e9,REDDY CARE WALK-IN CLINIC,6161 TRANSIT ROAD,EAST AMHERST,NY,14051,716-688-6161,14
c8bee7fa-c920-48c8-9eff-88e8af7a6eaa,FIRST CARE,363 DELAWARE AVENUE,DELMAR,NY,12054,518-439-9911,17
32db091e-716b-4573-8f74-c00579949e32,PRIME CARE URGENT CARE,400 PATROON CREEK BOULEVARD,ALBANY,NY,12206,518-445-4444,21
6cd9c8f2-68b2-41e4-a5e6-05feb6b58b91,AFTER HOURS MEDICAL CARE,120 GARDENVILLE PARKWAY WEST,BUFFALO,NY,14224,716-656-4355,906
accb2f7a-58d0-40ba-8397-3bb78d745f12,NORTH MEDICAL URGENT CARE,5100 WEST TAFT ROAD,LIVERPOOL,NY,13088,315-452-2333,50
a53e77ec-f75c-42d0-a5d4-25f905693c64,CROUSE PROMPT CARE,739 IRVING AVENUE,SYRACUSE,NY,13210,315-470-2951,630
51cda79a-7bf9-49b2-8ed2-0190841f3aef,NEWTON MEDICAL ASSOCIATES III,2727 HAMBURG STREET,SCHENECTADY,NY,12303,518-356-7818,71
b4ccda23-7acc-40ce-bbfe-dc7e967d6b84,LOURDES WALK-IN SERVICE,276 ROBINSON STREET,BINGHAMTON,NY,13904,607-771-7234,2
78aacbf0-a64c-4646-8d6b-6b5688221de0,EMURGENTCARE PROFESSIONAL LIMITED LIABILITY COMPANY,11835 UNITED STATES HIGHWAY 9 WEST,WEST COXSACKIE,NY,12192,518-731-9000,16
77f7bedf-e6fe-4be3-aba3-b3e7c286d0ad,MOUNTAIN MEDICAL SERVICES URGENT CARE - LAKE PLACID,1927 SARANAC AVENUE,LAKE PLACID,NY,12946,518-523-7575,5
acaa4897-61a2-4c1e-9c55-22f23a352371,OMNI MEDICAL CARE,1400 STATE ROUTE 300,NEWBURGH,NY,12550,845-566-6664,3
2b6c8b6b-646d-4211-9c8c-0b0086940f8b,CRYSTAL RUN HEALTHCARE,61 EMERALD PLACE,ROCK HILL,NY,12775,845-794-6999,5
05fa7438-69da-4dfe-811d-814d04f3527b,SYRACUSE COMMUNITY HEALTH CENTER - CENTRAL,819 SALINA STREET,SYRACUSE,NY,13202,315-476-7921,3
d96ef84c-84fd-4e6e-a539-d6c0929ceed0,UNITED MEDICAL ASSOCIATES PRIMARY CARE,1302 EAST MAIN STREET,ENDICOTT,NY,13760,607-754-7171,3
b9b8b109-1e61-47cd-b452-124008dfeca8,CORTLAND CONVENIENT CARE CENTER,1129 COMMONS AVENUE,CORTLAND,NY,13045,607-758-7200,9
fcb46825-107e-4c77-a188-4937f96a3cee,LOURDES PRIMARY CARE ASSOCIATES,415 EAST MAIN STREET,ENDICOTT,NY,13760,607-786-1801,15
b05d0706-ca1c-4415-b238-6c41439868c9,EXPRESS PEDIATRICS WALK IN URGENT CARE,1989 STATE ROUTE 52,HOPEWELL JUNCTION,NY,12533,845-897-4500,36
3c56035d-94c9-441a-b166-e5f89771fb93,WESTERN NEW YORK IMMEDIATE CARE - WILLIAMSVILLE,7616 TRANSIT ROAD,WILLIAMSVILLE,NY,14221,716-204-2273,12
c50cb261-1e22-4727-96e5-e095d990d2cb,MEDICUS IMMEDIATE AND HEALTH CARE SERVICES,1530 UNITED STATES HIGHWAY 9,WAPPINGERS FALLS,NY,12590,845-297-2511,6
10726c3b-2619-40e4-b021-0467e535e309,COMMUNITY CARE PHYSICIANS,711 TROY SCHENECTADY ROAD,LATHAM,NY,12110,518-782-3700,1
c13e03d8-91ec-49be-af47-f4de0b39519d,SALEM FAMILY HEALTH CENTER,213 MAIN STREET,SALEM,NY,12865,518-854-3821,3
fbf57bb1-a122-4acf-80f1-5266994055c4,MEDICUS,1110 STATE HIGHWAY 55,LAGRANGEVILLE,NY,12540,845-485-4455,2
018586d8-d3b6-4d86-8e53-48a4086e3baf,URGENT CARE OF SOUTHERN SARATOGA,1770 UNITED STATES HIGHWAY 9,CLIFTON PARK,NY,12065,518-688-1380,7
c887d95d-9919-4f15-81f4-14ee07889455,INDEPENDENT PHYSICIANS URGENT CARE,1904 GENESEE STREET,UTICA,NY,13502,315-793-8856,3
de846729-b4ef-42b7-b052-14209abee32c,FOXNOW WALK-IN HEALTHCARE,739 STATE ROUTE 28,ONEONTA,NY,13820,607-431-5052,5
e0845d98-f21b-4b66-9faa-28c12738d456,WESTERN NEW YORK IMMEDIATE CARE - ORCHARD PARK,3050 ORCHARD PARK ROAD,BUFFALO,NY,14224,716-675-3700,40
b6232a31-850d-4e82-b5d9-18574ed7557e,EMERGENCY ONE URGENT CARE,4250 ALBANY POST ROAD,HYDE PARK,NY,12538,845-229-2602,6
028de3cc-8079-4634-86a1-219e190eb53b,UNITED MEDICAL ASSOCIATES PRIMARY CARE,91 CHENANGO BRIDGE ROAD,BINGHAMTON,NY,13901,607-648-6667,18
0fb71b35-c26e-4aad-a8c4-7e6e21dc75bd,MALTA MEDICAL CARE,2554 UNITED STATES HIGHWAY 9,BALLSTON SPA,NY,12020,518-899-5002,1
ff11d360-99d7-420b-9a7b-19069b1073a7,HEALTHWORKS / THOMPSON HEALTH SAME DAY CARE CENTER,1160 CORPORATE DRIVE,FARMINGTON,NY,14425,585-924-1510,18
4cb47074-ebb2-4c2f-8967-c20298a2f13c,CONCENTRA URGENT CARE - ROCHESTER,687 LEE ROAD,ROCHESTER,NY,14606,585-458-7910,80
32578f4f-bd66-43da-9c74-294fed9e5644,AFTERHOURS MEDICAL CARE,1850 BRIGHTON HENRIETTA TOWN LINE ROAD,ROCHESTER,NY,14623,585-338-1200,113
fdedfce6-22b9-489d-bebd-1599dd78fe31,NORTHEAST MEDICAL URGENT CARE,4103 MEDICAL CENTER DRIVE,FAYETTEVILLE,NY,13066,315-637-7800,11
6d177ec1-2767-45e8-8e96-fc98023a872d,LIFETIME HEALTH MEDICAL GROUP DOING BUSINESS AS AFTERHOURS URGENT CARE,800 CARTER STREET,ROCHESTER,NY,14621,585-338-1400,18
16f9903b-caed-48f4-9e7f-a54ebe613b26,CRYSTAL RUN HEALTHCARE - URGENT CARE,155 CRYSTAL RUN ROAD,MIDDLETOWN,NY,10941,845-703-6333,6
0db7de40-2e3f-4fa8-ad01-e688cbe71beb,MIDDLETOWN MEDICAL CENTER WALK IN CLINIC,111 MALTESE DRIVE,MIDDLETOWN,NY,10940,845-342-4774,9
5ce6d2d4-a408-4c9a-a176-81a70a7a3254,EXCEL URGENT CARE OF GOSHEN,1 HATFIELD LANE,GOSHEN,NY,10924,845-360-5530,72
b1b649c8-89f4-4af1-b40f-a5ef91632099,IMMEDIATE CARE EAST WALK IN MEDICAL TREATMENT PROFESSIONAL LIMITED LIABILITY COMPANY,1600 MOSELEY ROAD,VICTOR,NY,14564,585-398-1275,1
e1efdccb-b9a4-463c-93bc-5754adfacf8d,PRIME MERIDIAN PEDIATRICS - ROCKLAND,15 INDIAN ROCK,SUFFERN,NY,10901,845-357-5437,5
dae17f6b-8d70-45eb-892e-541770bd9eb8,UNITED STATES GOVERNMENT ACUTE CARE CLINIC-DOD,11050 MOUNT BELVEDERE BOULEVARD,FORT DRUM,NY,13602,315-772-5236,4
52488496-426c-4a2a-b78f-cbb2607e9cb9,ON-CALL MEDICAL SERVICES,76 NORTH GREENBUSH ROAD,TROY,NY,12180,518-286-3000,50
acee50e1-1c54-4172-a027-6eb05cb40c73,SURYA IMMEDIATE MEDICAL CARE,1182 TROY SCHENECTADY ROAD,LATHAM,NY,12110,518-867-8080,1
c5c6a893-3b15-4699-8684-0851d1480859,MOUNTAIN MEDICAL SERVICES URGENT CARE - SARANAC LAKE,354 BROADWAY,SARANAC LAKE,NY,12983,518-897-1000,8
728605d5-7fb7-4658-aecc-91109d147140,MEDREADY MEDICAL GROUP - URGENT CARE,19472 UNITED STATES HIGHWAY 11,WATERTOWN,NY,13601,315-779-1104,14
0b56b9e5-96f2-46e9-b9cf-44ad69793151,HORNELL SURGICAL GROUP,32 GENESEE STREET,HORNELL,NY,14843,607-324-1000,5
d57e25fb-61b9-4599-b63c-9188fbc2325a,OCCUPATIONAL MEDICINE ASSOCIATES OF NORTHERN NEW YORK,200 MULLIN STREET,WATERTOWN,NY,13601,315-782-9125,2
96e9c61f-5421-46f8-b2b1-f4e4dca46ecf,CAYUGA MEDICAL CENTER CONVENIENT CARE CENTER,10 ARROWOOD DRIVE,ITHACA,NY,14850,607-274-4150,16
57036241-ff6e-4c06-b999-47512dcaac96,HEALTHCARE MEDICAL ASSOCIATION,2 PERLMAN DRIVE,SPRING VALLEY,NY,10977,845-426-5500,41
b9466f85-5d0b-4d7c-9fe6-9d1a796cbe70,GUTHRIE - STEUBEN MEDICAL,123 CONHOCTON STREET,CORNING,NY,14830,607-973-8600,26
c48bde4e-b6da-45d1-8aff-25eb243ed62a,URGICARE OF THE NORTHEAST,79 HAMMOND LANE,PLATTSBURGH,NY,12901,518-563-5900,2
6601d3d2-8b21-4efe-aa5a-fbe9b2478e1a,ONEONTA URGENT CARE,1 ASSOCIATE DRIVE,ONEONTA,NY,13820,607-433-6400,21
1dcf30e7-db87-41f8-a784-433b7a914085,FIRSTCARE WALK-IN MEDICAL CENTER,222 STATE ROUTE 299,HIGHLAND,NY,12528,845-691-3627,4
c911718c-03ee-4b39-b3a6-febf675895f1,ANDERSON MEDICAL DOING BUSINESS AS EMERGENCY ONE,40 HURLEY AVENUE,KINGSTON,NY,12401,845-338-5600,488
54f17529-ce92-4b79-a630-592d2599a183,HUDSON HEADWATERS HEALTH NETWORK,100 BROAD STREET,GLENS FALLS,NY,12801,518-761-0300,11
74b7a321-1e38-42bd-8047-e880c584b7ec,CONVENIENT MEDICAL CARE,319 BAY ROAD,QUEENSBURY,NY,12804,518-792-2181,8
bf8832f9-c487-4769-b599-e5a6e4412f87,WILTON MEDICAL ARTS,3040 STATE ROUTE 50,SARATOGA SPRINGS,NY,12866,518-580-2273,6
f3e0e5a3-f29e-43a2-a36f-3a9a4e8f433e,CLIFTON PARK URGENT CARE CENTER,1 TALLOW WOOD DRIVE,CLIFTON PARK,NY,12065,518-373-4444,8
fbd95a57-9ac9-49da-a136-a1bb8bca11d2,MOHAWK GLEN URGENT CARE,91 PERIMETER ROAD,ROME,NY,13441,315-337-2156,14
7144083e-1305-470f-b88b-22070050b4de,URGENT AND PRIMARY CARE,598 COLUMBIA TURNPIKE,EAST GREENBUSH,NY,12061,518-479-5240,12
55ff4e64-28af-4fc4-bc0d-2ff84a0476c6,SLOCUM DICKSON MEDICAL GROUP - URGENT CARE,1729 BURRSTONE ROAD,NEW HARTFORD,NY,13413,315-798-1432,4
dc45594e-97e8-4cbe-b0d7-b32e03f8e44f,GUTHRIE MEDICAL GROUP,130 CENTER WAY,CORNING,NY,14830,607-936-9971,2
7de72c07-a20c-48be-a186-c3f6f299c194,BASSET HEALTH CARE - HERKIMER,321 EAST ALBANY STREET,HERKIMER,NY,13350,315-867-2700,50
ff2c7ca4-b212-456b-9359-931a928ab49b,STAT MD PROFESSIONAL LIMITED LIABILITIES COMPANY,2029 JERICHO TURNPIKE,NEW HYDE PARK,NY,11040,516-352-7828,7
9bc74cb4-9d61-4fb8-a499-615693e0c876,RYE WALK IN MEDICAL CENTER,150 PURCHASE STREET,RYE,NY,10580,914-967-3266,15
9e3f6fcd-8d2b-448a-9bf9-397ca671988b,NASSAU IMMEDIATE MEDICAL CARE,465 WILLIS AVENUE,WILLISTON PARK,NY,11596,516-294-3535,461
4c4f5ce6-1b7a-441a-a2f9-f36c932a84d4,PEDIATRIC IMMEDIATE CARE,150 SUNRISE HIGHWAY,LINDENHURST,NY,11757,631-956-3516,3
3a2f7b9c-3b13-4d8b-8fdd-a41a59ac4b77,WESTCHESTER MEDICAL GROUP URGENT CARE,210 WESTCHESTER AVENUE,WHITE PLAINS,NY,10604,914-681-3100,47
3947ceba-c78a-47b2-9497-cfac6bc85af1,THROGS NECK URGENT MEDICAL CARE PRIMARY CARE,3594 EAST TREMONT AVENUE,BRONX,NY,10465,718-597-5800,58
61f8a17f-66c6-460b-b0d0-968fd78b1f16,HEMPSTEAD MAINE MEDICAL CENTER,2 MAIN STREET,HEMPSTEAD,NY,11550,516-489-6600,12
67359073-7a5c-4d86-b3c9-347470a6b512,FIRST MED IMMEDIATE MEDICAL SERVICES OF QUEENS,210-21 NORTHERN BOULEVARD,BAYSIDE,NY,11361,718-224-8855,24
6f67ba49-5f92-443f-bdb5-8dbb22f6c1c2,ERDOX,365 BROADWAY,AMITYVILLE,NY,11701,631-841-4102,4
344db28e-c2ef-41e9-ab10-25ce798f3c0f,FIRST CARE IMMEDIATE MEDICAL CARE,2360 GRAND AVENUE,BALDWIN,NY,11510,516-546-2266,36
