ID,ORGANIZATION,NAME,GENDER,SPECIALITY,ADDRESS,CITY,STATE,ZIP,UTILIZATION
b6a71340-d76b-4d5c-86d2-c6e545ca8e6b,6709036e-5c16-4eb8-9002-157ab1e5f51f,Lemuel304 Ratke343,M,GENERAL PRACTICE,600 NORTHERN BOULEVARD,ALBANY,NY,12204,7442,
880f4ed7-5ac3-4d6c-92f2-03e9311085e3,475a90c9-be73-4dba-b816-cc868d139e5b,Kurtis994 Considine820,M,GENERAL PRACTICE,396 BROADWAY,KINGSTON,NY,12401,5179,
78080ac4-e2b7-4137-9578-2ee24058d579,e9e1f9e9-196b-4cdf-bd05-0590cd0319aa,Nicolas769 Kuhn96,M,GENERAL PRACTICE,726 EXCHANGE STREET  SUITE 522,BUFFALO,NY,14210,16464,
83ed822e-e07f-4840-b1e6-831abd9febe5,d448f48b-0430-4561-8ba5-6ca1c9145eb5,Jose871 Greenfelder433,M,GENERAL PRACTICE,127 SOUTH BROADWAY,YONKERS,NY,10701,9836,
0e726f03-9221-4355-8c14-e8857cb4c484,772bfb10-4364-484d-b885-a2dea78c7ea4,Lewis216 Mraz590,M,GENERAL PRACTICE,400 NORTH MAIN STREET,WARSAW,NY,14569,739,
d875b271-87a5-46d0-941e-e4afa43d24ce,b2ec7823-a44f-4a7c-a3bc-c629c3847dc8,Jarred626 Williamson769,M,GENERAL PRACTICE,169 RIVERSIDE DRIVE,BINGHAMTON,NY,13905,2044,
56fd1250-00eb-4e20-a3ae-e3a6fe5e4180,0ecaf251-e3c8-48b5-afe0-665c3dc87631,Yulanda554 Kassulke119,F,GENERAL PRACTICE,89TH AVENUE AND VAN WYCK EXPRESSWAY,JAMAICA,NY,11418,21251,
ec606ad8-83d4-4e3e-b2e1-8747d5952fbf,ead3dbb5-a39b-4f00-a028-81756a990ac6,Latoria810 Pfeffer420,F,GENERAL PRACTICE,45 READE PLACE,POUGHKEEPSIE,NY,12601,5626,
f2f220bf-fe3a-402f-9893-8cba02af1d7a,0544d5d3-5286-4e16-954e-bb0a7ec8bef7,Mira443 Hills818,F,GENERAL PRACTICE,2201 HEMPSTEAD TURNPIKE,EAST MEADOW,NY,11554,384,
e1264989-5d5f-41f2-864b-44623ddde9cc,84d8bc45-6c2c-4ec3-b23d-f5cdbdfedc8e,Junior695 Bahringer146,M,GENERAL PRACTICE,111 DRIVING PARK AVENUE,NEWARK,NY,14513,1813,
2166ad31-a17e-41e5-bd71-696bbd5b7e5b,8bbd772d-20fd-4021-ab1f-bcd2ff1db510,Ollie731 Lehner980,M,GENERAL PRACTICE,179 NORTH BROAD STREET,NORWICH,NY,13815,255,
3cf1c273-7138-4fe3-a20d-8e34370211b9,d45a48fd-ffcb-4ef1-a049-f89b20f4f716,Demetria799 Littel644,F,GENERAL PRACTICE,1656 CHAMPLIN AVENUE,UTICA,NY,13503,2515,
1cc8756f-55f4-4cd3-b701-291bdfb46e00,d7a34995-cc87-423f-b2c5-4d8bbbc5230a,Raúl937 Delapaz125,M,GENERAL PRACTICE,270 PARK AVENUE,HUNTINGTON,NY,11743,585,
df3fa8e8-1e9f-4ec1-87ea-643dca795f09,263d940a-4ed8-4371-8a16-d98101d0ac92,Antwan357 Buckridge80,M,GENERAL PRACTICE,427 GUY PARK AVENUE,AMSTERDAM,NY,12010,1284,
9d53fe0a-429f-45fc-a75f-c3162944879a,5d6f2ba3-8838-46bd-88ef-4b2bbd0bde99,Alec433 Gibson10,M,GENERAL PRACTICE,6511 SPRINGBROOK AVENUE,RHINEBECK,NY,12572,652,
10e279cc-7a83-4a9d-9bf2-5e4602d200b8,63c9c7b7-b191-4d69-b0f9-a344f9858864,Gloria696 Macías944,F,GENERAL PRACTICE,196 -198 NORTH STREET,GENEVA,NY,14456,141,
3c0f307e-a6fc-40ae-bf2e-9d1eb0beb4a4,978845c1-ae85-478e-a52f-8229c676cda4,Kellie778 Aufderhar910,F,GENERAL PRACTICE,111 EAST 210TH STREET,BRONX,NY,10467,1419,
0c0ec8f4-3310-4924-8c3d-bd3316ea0399,4086a157-11e4-4d5e-b7a7-0da21aac9aac,Chasidy481 Berge125,F,GENERAL PRACTICE,621 TENTH STREET,NIAGARA FALLS,NY,14302,2239,
facf87e8-102d-4019-a553-d3913d295729,6548e4ab-d2af-4948-8f4b-0f372a139b2d,Lupe126 O'Hara248,M,GENERAL PRACTICE,127 NORTH STREET,BATAVIA,NY,14020,838,
c00e5ab4-9d06-4cd3-9e1b-800219a38859,89cad572-81e2-4c02-b63c-c9dc3acf5f35,Vernon254 Schmitt836,M,GENERAL PRACTICE,350 PARRISH STREET,CANANDAIGUA,NY,14424,1805,
a21e800b-fe91-43f4-b205-f54bce1bf504,aa4a2e08-e2fb-4774-b17d-50e48e6da496,Armida530 Bahringer146,F,GENERAL PRACTICE,2157 MAIN STREET,BUFFALO,NY,14214,940,
85cefc9c-686a-431d-9bb5-2df3968f5257,02984981-3fd7-4804-a74e-a5c40efe0c28,Danica886 Fahey393,F,GENERAL PRACTICE,2233 STATE ROUTE 86,SARANAC LAKE,NY,12983,2042,
fa9492d2-8f9f-4741-8a71-a4d537e64c82,d3430fe5-9bcb-47d3-a278-7bd50e8fcfea,Niesha86 Hettinger594,F,GENERAL PRACTICE,133 PARK STREET,MALONE,NY,12953,494,
f43fab7c-485e-4c95-bc53-327709765da8,6f2e11d2-06b0-45db-b093-f180402af1b8,Lorenzo669 Mejía318,M,GENERAL PRACTICE,ONE NORTON AVENUE,ONEONTA,NY,13820,246,
93f81f6c-3e25-4a1e-bfe8-5efac280531e,2a6a6d6d-4e51-4c3f-adde-e47657a1f4b9,Merlin721 Becker968,M,GENERAL PRACTICE,12 NORTH 7TH AVENUE,MOUNT VERNON,NY,10550,3118,
d28d079d-d841-4908-a54d-8e204f7c3307,ed3dc75e-a829-499b-8eef-061dc341ea2b,Andrea7 Davis923,F,GENERAL PRACTICE,201 MANOR PLACE,GREENPORT,NY,11944,2511,
dcb88abe-e6f6-4dd2-ba5a-b3f6229f1f3b,b12c4c09-8b23-4785-a489-8605cbefa14c,Catalina187 Tello902,F,GENERAL PRACTICE,600 ROE AVENUE,ELMIRA,NY,14905,4322,
b711c8da-bad7-47de-9607-09b7ce120e80,55387e9f-c168-4e77-9861-c27034ce3220,Gertrudis163 Waelchi213,F,GENERAL PRACTICE,71 PROSPECT AVENUE,HUDSON,NY,12534,449,
c45c71c8-3f6b-45b6-91d8-b3ce5c2e8b45,c5850719-0fc6-4726-98f4-d53bb0ab2443,Rachal9 Mills423,F,GENERAL PRACTICE,191 NORTH MAIN STREET,WELLSVILLE,NY,14895,662,
242522c1-f6ae-4ee5-b241-a5bf96377fcf,cb5e7b74-759e-44dc-961d-dd6037f5847d,Clifton91 Kassulke119,M,GENERAL PRACTICE,2950 ELMWOOD AVENUE,KENMORE,NY,14217,2855,
1b9a5774-e7b1-4081-a128-72b543cd32b6,9fd65dd9-cceb-4cb8-ac09-cd4654123088,Louann705 Runolfsdottir785,F,GENERAL PRACTICE,515 MAIN STREET,OLEAN,NY,14760,615,
1c6a67b0-18b8-4c12-923a-37f6b9588d67,4d8114cf-ffb5-49ff-a309-64bd8f212a75,Luetta803 Orn563,F,GENERAL PRACTICE,160 NORTH MIDLAND AVENUE,NYACK,NY,10960,720,
dea37f68-984e-4102-a6f3-9dafc57e12a2,9fc77120-2670-4514-8c70-d887c21bba62,Edwardo860 Denesik803,M,GENERAL PRACTICE,300 COMMUNITY DRIVE,MANHASSET,NY,11030,3396,
030b26b2-bbf0-4d46-9677-9579b6d6f4e1,a38ce145-90c7-4df1-9a91-88394e15e27a,Noriko180 Reichel38,F,GENERAL PRACTICE,1300 ROANOKE AVENUE,RIVERHEAD,NY,11901,3403,
528a2475-44c5-4d76-9b33-6f694040287a,4f758e05-3e21-4730-87c4-fbe5513f0da7,Margarett339 Wilderman619,F,GENERAL PRACTICE,224 EAST MAIN STREET,SPRINGVILLE,NY,14141,1979,
d1babc4f-3c1c-4dbf-bbf5-78342bd39ea1,1c612637-cd4c-48cf-b0a9-3cd7eb42815e,Ellsworth48 Cummings51,M,GENERAL PRACTICE,321 GENESEE STREET,ONEIDA,NY,13421,2197,
1e6aa052-88fd-4af6-b737-dde46ac60dfe,89f65d61-7466-47ac-be5e-554bd82ff5e2,Mitsuko474 Jacobson885,F,GENERAL PRACTICE,1425 PORTLAND AVENUE,ROCHESTER,NY,14621,16805,
a53b0d8a-74f0-414f-9c0c-7f983cbea503,fd02e0dc-a921-4a98-beda-19a646fc3c4f,Earlean804 Hoeger474,F,GENERAL PRACTICE,707 EAST MAIN STREET,MIDDLETOWN,NY,10940,512,
fa54f7c1-ecd1-453e-9a7f-b75833909beb,df7dba32-34e1-4d07-a4ab-4d699fdb17a4,Paul232 Jacobson885,M,GENERAL PRACTICE,845 ROUTES 5 AND 20,IRVING,NY,14081,2457,
0cee59dd-59cd-4303-ad57-498702221d68,0a7e9e91-d69a-4695-bda7-6f68842d784f,Jarvis643 Toy286,M,GENERAL PRACTICE,160 EAST MAIN STREET,PORT JERVIS,NY,12771,1226,
529a8173-bedd-4e5c-aaa5-661e2501d4d0,776ad621-699e-45ef-920c-e89f742acc32,Williams176 Stiedemann542,M,GENERAL PRACTICE,ONE ATWELL ROAD,COOPERSTOWN,NY,13326,666,
fcfac692-c9ce-430b-a2b3-e419bc2a0c8b,844faa35-c227-4096-88f6-81e65b19758a,Carla633 Jaimes535,F,GENERAL PRACTICE,301 PROSPECT AVENUE,SYRACUSE,NY,13203,15373,
0e432c27-7261-4a5f-b6d7-bdd83e21d2b2,4a2430ae-48a2-4ba3-b963-1b7fe996deab,Edmond919 Schaefer657,M,GENERAL PRACTICE,101 HOSPITAL ROAD,PATCHOGUE,NY,11772,769,
1a337890-f404-4844-a1e1-b6f16b78b902,d4bdcfe7-87ca-4796-b1ac-9696c944925d,Charlie254 Brown30,M,GENERAL PRACTICE,7571 STATE ROUTE 54,BATH,NY,14810,402,
91ef3840-1257-448b-8d54-78f4edf8b5aa,8d01df81-7c96-48a0-a601-415ce76493a5,Blake449 Schiller186,F,GENERAL PRACTICE,411 CANISTEO STREET,HORNELL,NY,14843,346,
75129418-e839-4b54-81ad-83f98dd45167,51747305-b858-4a42-bbb7-bf58f202606a,Audrey678 Streich926,F,GENERAL PRACTICE,1101 NOTT STREET,SCHENECTADY,NY,12308,5264,
af1beea5-ba62-4045-8f55-dd8426f9aa07,0feef2b0-3e36-4fb2-8eea-a8f9d8c6bfcd,Ryan260 Ebert178,F,GENERAL PRACTICE,830 WASHINGTON STREET,WATERTOWN,NY,13601,1361,
a2a6b798-c934-4388-9ed5-5c128ce7f3d8,f6a101cd-4b43-4834-b9b0-2a82ae2d89e3,Abraham100 Cruickshank494,M,GENERAL PRACTICE,255 LAFAYETTE AVENUE,SUFFERN,NY,10901,4408,
b01c5c44-ce0a-4dde-b2f6-52192fc8795b,61bb792a-e944-47a8-8e28-2eb8490ad23f,Saundra460 Lakin515,F,GENERAL PRACTICE,400 EAST MAIN STREET,MOUNT KISCO,NY,10549,7040,
50a5d845-ad33-4b63-baa7-3c2720a036a8,68782220-d8d3-4261-973a-01c24067d1ad,Ronni748 Hudson301,F,GENERAL PRACTICE,521 EAST AVENUE,LOCKPORT,NY,14094,3086,
b90e9c84-56b7-41b3-86ad-3ea4627c70db,95182021-8c1f-49c8-9044-cbc56d67116f,Chantel847 Labadie908,F,GENERAL PRACTICE,189 EAST MAIN STREET,WESTFIELD,NY,14787,641,
a0fabb59-5c99-4cd3-a2c5-9cb89218f1a2,1c3440e4-0d69-49fe-b3a3-c2cb765f9c0f,Mika226 Marquardt819,F,GENERAL PRACTICE,259 FIRST STREET,MINEOLA,NY,11501,2951,
77ecc825-97c6-482b-b646-ccd9303c17f7,baedb501-323a-41df-b938-38ee7ba0d6ff,Keri25 Rosenbaum794,F,GENERAL PRACTICE,134 HOMER AVENUE,CORTLAND,NY,13045,2705,
2a5a96c9-0bc0-43cb-975c-028babdeabb7,94eb8a6e-e1b4-4ff8-83eb-d5e4934fd142,Diego848 Padberg411,M,GENERAL PRACTICE,2215 BURDETT AVENUE,TROY,NY,12180,7904,
67ed7a2d-a088-49a7-8bf1-8d119511700e,b844b216-8b19-4fc7-962a-e807c521ac75,Aleta47 Koelpin146,F,GENERAL PRACTICE,101 ST ANDREWS LANE,GLEN COVE,NY,11542,571,
72c8fb07-696f-4472-acc0-1eda565b63db,67919628-a40a-4584-86f8-2b5beb540b96,Ellis535 Gleason633,M,GENERAL PRACTICE,16 GUION PLACE,NEW ROCHELLE,NY,10802,3158,
e01b3ba3-c3e5-48fa-9f0a-ca6da00cd49c,4b31eb89-3f5f-4314-b610-8a2da6ef12a6,Monique148 Hilll811,F,GENERAL PRACTICE,75 NORTH COUNTRY ROAD,PORT JEFFERSON,NY,11777,360,
c7ea89a7-4311-4f3a-96ef-65493fa678f1,b965eac0-4a81-4185-bb14-127aace9e260,Twila243 Stamm704,F,GENERAL PRACTICE,100 PARK STREET,GLENS FALLS,NY,12801,3926,
1c269f9d-5fd8-4672-ab37-21c0f32806d3,e5e8e910-bb9d-410e-be62-585101d2445d,Jean712 Fisher429,M,GENERAL PRACTICE,270 - 05 76TH AVENUE,NEW HYDE PARK,NY,11040,780,
3888e81d-aabd-4058-b7f1-1a8ab92ca826,eb6af95a-6365-4f51-8c4f-7a9e9cd893ea,Rosana394 Leuschke194,F,GENERAL PRACTICE,50 LEROY STREET,POTSDAM,NY,13676,884,
2c2ec39d-743b-462b-8efc-f3e90745a60b,854d1aa5-8cc1-457b-9743-765474b34c03,Jamel269 Jerde200,M,GENERAL PRACTICE,ONE HEALTHY WAY,OCEANSIDE,NY,11572,1328,
ba511d7d-0fd6-4873-baa5-22fc02cc0395,ac763746-64ba-4b8f-bb35-f600824ddee7,Masako522 Yundt842,F,GENERAL PRACTICE,15 - 19  MAPLE AVENUE,WARWICK,NY,10990,671,
b350fc2d-82d8-4fd2-add9-4101f3457d64,5b7ff8c9-83ff-4455-9b4e-59e27c8c21f0,Willy639 Langworth352,M,GENERAL PRACTICE,214 KING STREET,OGDENSBURG,NY,13669,654,
c1624f80-d769-475b-bf67-df0b7457ca07,202321e1-f338-4996-9456-9b0d87a74cac,Andrea7 Perea353,F,GENERAL PRACTICE,1500 NORTH JAMES STREET,ROME,NY,13440,1502,
9aabaa26-6a0b-4706-b442-34516a7c1a8d,12f4ace3-368e-4fe3-a85e-bca4e63483b9,Janetta325 Hudson301,F,GENERAL PRACTICE,110 WEST SIXTH STREET,OSWEGO,NY,13126,1784,
6d9d7e53-7cf3-4d58-84a9-5b12fc90ac8d,b1647847-1fe5-438e-8aa0-23df5c73aa0b,Jan231 Macejkovic424,M,GENERAL PRACTICE,211 CHURCH STREET,SARATOGA SPRINGS,NY,12866,1116,
9b99bfa7-1e14-4867-ad10-0e32820920ec,720c891c-6b85-4d9e-af2b-7c500e8deee3,Clemmie560 Howe413,F,GENERAL PRACTICE,1 HOSPITAL DRIVE,MASSENA,NY,13662,461,
28e0f3ef-d150-42dc-874d-0b0400c7863e,768fe111-aa93-4dc5-8497-8e9fbba70991,Leonor133 Laboy63,F,GENERAL PRACTICE,529 CENTRAL AVENUE,DUNKIRK,NY,14048,1400,
62c80b5c-271f-4d27-969f-8f18fe148abb,07f27ac0-cb32-4247-aa57-187daec80715,Manuela585 Carroll471,F,GENERAL PRACTICE,100 WOODS RD,VALHALLA,NY,10595,1402,
11ce5e41-21d2-4b12-b305-67bdfdc035ab,dcce2c6e-8634-47c3-8ad9-c5a581bef6cc,Quiana329 Fahey393,F,GENERAL PRACTICE,17 LANSING STREET,AUBURN,NY,13021,1547,
3737cbd7-effd-46a3-9194-7781c749edf5,912a2e81-9dca-4559-a0a9-4753f3114c02,Julia241 Moya426,F,GENERAL PRACTICE,111  CLARA BARTON STREET,DANSVILLE,NY,14437,587,
572d351b-eece-4b0f-b498-9275a3fe00e2,116fd74b-7812-46c4-a6e2-02afd2192a2a,Mellisa81 Sauer652,F,GENERAL PRACTICE,207 FOOTE AVENUE,JAMESTOWN,NY,14701,1147,
e935c622-d879-46e5-a798-b500bbca370f,f93fe65e-12c0-435f-83f5-8aad31731020,Clair921 Carter549,M,GENERAL PRACTICE,75 BEEKMAN STREET,PLATTSBURGH,NY,12901,1465,
ba6fe50a-a82a-480d-bf64-d02993b18d3d,9d891662-15bf-4b00-b28a-034d916e38fd,Mariana775 Tello902,F,GENERAL PRACTICE,1000 NORTH VILLAGE AVENUE,ROCKVILLE CENTRE,NY,11570,4087,
05bd8bd8-9319-4c9c-9f8c-a2e49a03bb7a,8a776898-f81a-4767-b940-30b7d270d566,José Luis472 Patiño436,M,GENERAL PRACTICE,701 NORTH BROADWAY,SLEEPY HOLLOW,NY,10591,21,
0ca2ac72-ee75-4641-a2c9-770892a1648a,389e9074-c8d0-4b45-ac56-acdebba7d221,Willia886 McKenzie376,F,GENERAL PRACTICE,70 DUBOIS STREET,NEWBURGH,NY,12550,3350,
2d3d160a-0508-413f-9ecf-418bd46e7acf,8bb463ec-10e5-4f83-adc2-93d3df00c680,Byron202 Williamson769,M,GENERAL PRACTICE,2 COULTER ROAD,CLIFTON SPRINGS,NY,14432,490,
3749dead-6b49-434d-8053-39b2dd885354,2284cd3a-1c5a-4e48-95a8-d295067c5f07,Shalonda324 Nader710,F,GENERAL PRACTICE,1980 CROMPOND ROAD,CORTLANDT MANOR,NY,10567,1068,
b14c6fa1-a6e2-4f77-8e76-70bc6f09e089,6a0b2c73-bd29-43d7-8917-f60de0264009,Romona686 McClure239,F,GENERAL PRACTICE,178 GRANDVIEW DRIVE,COBLESKILL,NY,12043,907,
6d92b663-c7f2-4ccd-aa86-83b29d47c2ac,99448db0-9d44-4e70-9d69-c1c9131cd659,Bobby524 Raynor401,M,GENERAL PRACTICE,670 STONELEIGH AVENUE,CARMEL,NY,10512,3115,
45a10282-30c6-4d34-93cc-64de307afc5f,5df4fc49-826e-45fd-bd76-82fb5a031e4a,Kiara978 Simonis280,F,GENERAL PRACTICE,99 EAST STATE STREET,GLOVERSVILLE,NY,12078,2174,
4ba4e53b-08db-43cc-ad82-2782d40f85f3,b34ed7a6-3dff-4731-adee-cc38aeb3e98e,Louise871 Tromp100,F,GENERAL PRACTICE,1 GUTHRIE DRIVE,CORNING,NY,14830,1058,
af5a7986-1c50-44f5-a0d2-c57010a43286,3ce8241d-1298-4494-add3-e20c039f016b,Virginia437 Posada6,F,GENERAL PRACTICE,1000 MONTAUK HIGHWAY,WEST ISLIP,NY,11795,2865,
19281038-5ec6-4411-a305-be33d1cc3113,ebfdc95f-3dda-41cc-bf77-31d7cfa3e321,Candi549 Schuster709,F,GENERAL PRACTICE,41 EAST POST R0AD,WHITE PLAINS,NY,10601,3882,
49c3be1b-e902-439e-b311-f83e98a6ad91,01ccb9db-c235-4d55-ace1-f7d512f078a2,Zella14 Stokes453,F,GENERAL PRACTICE,101 DATES DRIVE,ITHACA,NY,14850,3982,
3b0937e2-cc07-4661-93ce-a67c4d40e151,d06ea568-536d-4b75-91f7-25a68a7e6b97,Tomas436 Lynch190,M,GENERAL PRACTICE,888 OLD COUNTRY ROAD,PLAINVIEW,NY,11803,709,
d2627f97-d09e-4923-9944-9f3df99af7d8,6513c9f5-ce2d-48f5-985b-89905af8c5d5,Petra678 Kuhlman484,F,GENERAL PRACTICE,4295 HEMPSTEAD TURNPIKE,BETHPAGE,NY,11714,548,
f334906c-0d96-4d73-8b78-4c812a777b64,02eb1fed-e16a-4451-88a1-8e2f3f56af56,Reynalda736 Kuhlman484,F,GENERAL PRACTICE,240 MEETING HOUSE LANE,SOUTHAMPTON,NY,11968,53,
430ff938-ffdb-4fb5-9908-00ffe69e8742,7ad641db-33c1-4148-8583-e8cc4bbd43f3,Rayford811 Stehr398,M,GENERAL PRACTICE,68 HARRIS BUSHVILLE ROAD,HARRIS,NY,12742,1341,
1201a114-c510-459f-8fa2-63fa2182ffbc,7e87fa6a-3a37-49ef-bd5f-d21d25178ee0,Celinda332 Adams676,F,GENERAL PRACTICE,HEALTH SCIENCES CENTER SUNY,STONY BROOK,NY,11794,395,
26a4f2e3-2384-4e5e-937d-480db4bd2df7,f81af9e1-43fb-4fb3-8bbb-a4c4c23b9e30,Dexter530 Strosin214,M,GENERAL PRACTICE,10-42 MITCHELL AVENUE,BINGHAMTON,NY,13903,2145,
0457c0a2-ff6c-4a3b-8c82-c0de3228337b,b25aa936-5ed9-490b-b223-d0016a116262,Joshua658 Prohaska837,M,GENERAL PRACTICE,327 BEACH 19TH STREET,FAR ROCKAWAY,NY,11691,5607,
e1e90fa0-46b1-4243-a840-9b1559e9f139,e6e0ffdc-4bde-4815-9d79-37328a79832d,Kim439 Dare640,M,GENERAL PRACTICE,51 NORTH ROUTE 9W,WEST HAVERSTRAW,NY,10993,2380,
a915dd60-9550-482a-9a4d-2be15ebaf863,0f6b51d1-6a4f-4784-b5a3-22d86b224bc4,Edwin773 Rolfson709,M,GENERAL PRACTICE,43 WEST PEARL STREET,SIDNEY,NY,13838,614,
06b7ca55-c297-40f7-80cc-70cf06f4f8ac,724ec30c-bfc7-461c-9ca4-6f5999ad811c,Tiana543 Breitenberg711,F,GENERAL PRACTICE,140 WEST MAIN STREET,CUBA,NY,14727,762,
fd10e4e9-c32e-4320-b144-e0a88ce2f878,60bfc0de-4a35-4106-b368-a99461771555,Josef103 Ruecker817,M,GENERAL PRACTICE,75 PARK STREET,ELIZABETHTOWN,NY,12932,162,
a663204f-61d3-4b48-9add-2c457a55cbbc,0897886e-7bc5-4ee0-94f1-eddf5aacb21b,Lucas404 Beltrán716,M,GENERAL PRACTICE,8081 ROUTE 97,CALLICOON,NY,12723,178,
31325654-4759-4040-a947-cf6996da6373,7d0a84dc-c905-4112-8f6e-93d7db819df1,Vanessa263 Konopelski743,F,GENERAL PRACTICE,460 ANDES ROAD,DELHI,NY,13753,343,
f0d3ac8f-17b2-4f44-88ea-ffe54216bea9,32b87c68-84a8-4665-82a4-d641ae5cfaae,Shala169 Treutel973,F,GENERAL PRACTICE,1019 WICKER STREET,TICONDEROGA,NY,12883,840,
9bb85236-c3ad-40b9-bef5-3002c6e6f322,61fb7113-6a5a-4580-9af7-bb811d52fcba,Shani239 Simonis280,F,GENERAL PRACTICE,1014 OSWEGATCHIE TRAIL,STAR LAKE,NY,13690,900,
cf66ce59-21d8-4c93-90aa-47b68654726a,f24d39fa-9428-4835-b0e9-69af946c9f85,Juan Carlos348 Toledo81,M,GENERAL PRACTICE,4 FULLER STREET,ALEXANDRIA BAY,NY,13607,228,
4ec17eda-8cfc-4de8-8414-0d2644c52edb,c6bd227a-119d-424a-917b-1f9c68818554,Glennis930 Hegmann834,F,GENERAL PRACTICE,10 HEALTHY WAY,ELLENVILLE,NY,12428,3173,
6ab12c7c-25fa-40c5-b2e7-48a59d097ae9,01ff1adf-ab4b-41bb-a7a9-e61d236f099a,Carlo647 McDermott739,M,GENERAL PRACTICE,140 BURWELL STREET,LITTLE FALLS,NY,13365,2319,
8a4a7e03-1997-4e6d-8bec-ca0ac142e8e8,1ffc0733-3bf9-4bf3-900c-b6e0c521ab11,Carole948 West559,F,GENERAL PRACTICE,1 TITUS PLACE,WALTON,NY,13856,3224,
89e83c46-b89c-4151-a99e-42d4bf3eed96,4afdfe15-791d-4ee3-9679-c72eb9685281,Olivia294 Lucero848,F,GENERAL PRACTICE,220 STEUBEN STREET,MONTOUR FALLS,NY,14865,32,
208ec130-6893-421d-a2a8-d21b3333d68e,04088926-3c71-47ae-8aec-647501071a6d,Mertie42 Kilback373,F,GENERAL PRACTICE,418 NORTH MAIN STREET,PENN YAN,NY,14527,810,
165bff8a-e9ab-49ae-a03f-2255a12df296,37360279-019e-41da-b97f-5648a09b481c,Jesse626 MacGyver246,M,GENERAL PRACTICE,77 WEST BARNEY STREET,GOUVERNEUR,NY,13642,153,
bc29daec-dd09-4309-bed1-6ab6d7c1ed50,e51baa76-8ba6-4dc0-a9bc-928c0502c97f,Ginger664 Ondricka197,F,GENERAL PRACTICE,7785 NORTH STATE STREET,LOWVILLE,NY,13367,1034,
5177363c-9b8d-4b3f-a7ee-104f68ee93f5,9a700d57-e940-4fc4-a6df-bc207d63da15,Damian46 Jacobson885,M,GENERAL PRACTICE,200 OHIO STREET,MEDINA,NY,14103,711,
82f33364-f0bb-4fbb-9c24-04ccb4122525,cc5dbbac-3419-4c62-8239-d8bc65bd7a60,Magdalen131 Schumm995,F,GENERAL PRACTICE,222 Richmond Avenue,Batavia,NY,14020,1,
cb97eb16-c939-4d9f-84b7-fd36175d1c5f,0ebff1f8-4831-478e-b7d4-04b5b5159e65,Berry486 Blanda868,M,GENERAL PRACTICE,324 Plaza Road,Kingston,NY,12401,59,
f0d7696f-c076-48e0-a3bc-5e971239197f,0fdcac7d-6cb2-463a-a759-b48d49eba11a,Wonda35 Harber290,F,GENERAL PRACTICE,1234 Abbott Road,Lackawanna,NY,14218,1,
bb3ccd16-77ea-4f2f-8873-0be33bc8e93d,ea73abd3-8156-48bc-830a-27a29d1ede86,Jettie913 Swaniawski813,F,GENERAL PRACTICE,100 West Main Street,Babylon,NY,11702,1,
d917fb00-3c8d-4553-9e74-0102803ab7da,b76b2fb1-e08b-41c5-b252-091f8a558a9f,Sheron583 Weimann465,F,GENERAL PRACTICE,1228 EAST MAIN STREET,RIVERHEAD,NY,11901,383,
23539d56-1461-4ea8-b9d8-1a6bba5e0559,3c08dac0-c7b5-4a46-9c5f-824b4dba7b16,Timmy68 Swift555,M,GENERAL PRACTICE,128 GLEN STREET,GLEN COVE,NY,11542,6,
0230ebc1-02ab-498a-8fa5-fe2de51c4e26,da857106-57fc-47f5-85b3-d2a8a7d8d587,Marion502 Strosin214,F,GENERAL PRACTICE,292 HERRICKS ROAD,MINEOLA,NY,11501,2,
68ce69a9-5349-4259-8963-3d1717a24333,c96a7ceb-fcab-4c96-b159-80b325808d18,Harris789 Orn563,M,GENERAL PRACTICE,104 FOREST AVENUE,GLEN COVE,NY,11542,2,
8b6780fe-300d-46bd-bd61-25042913b198,f89cb028-6f89-4861-9cb3-7ae63fb8ea44,Wanetta360 Russel238,F,GENERAL PRACTICE,1536 BEDFORD AVENUE,BROOKLYN,NY,11216,259,
08b3a9c1-f4fc-4836-b83e-29976d1920c2,c9c7c9bf-0bcc-4bf7-a099-cf68656c8722,Lizabeth515 Heaney114,F,GENERAL PRACTICE,504 MONTAUK HIGHWAY,CENTER MORICHES,NY,11934,3,
d76c9201-018e-4f58-88fc-debc3809aa2e,7e16ef2e-3128-496d-90ef-cf448c4b735f,Clemente531 Gálvez271,M,GENERAL PRACTICE,986 SUNRISE HIGHWAY,WEST BABYLON,NY,11704,3,
ca5047cb-adf7-4d53-a7a2-a1723f274e16,fc77bd6b-aba4-4c74-9af2-0874ad9b5952,Barbera53 Ankunding277,F,GENERAL PRACTICE,18 EASTWOOD BOULEVARD,CENTEREACH,NY,11720,3,
af182ef4-5852-4082-bf34-d52d9a4b8e89,c2000f72-eac7-4f7c-9896-939af6a88922,Jae222 Rau926,M,GENERAL PRACTICE,365 WEST JERICHO TURNPIKE,HUNTINGTON,NY,11743,8,
0be32c1c-562b-4bec-a6aa-617873745f15,04d63885-755b-4e20-9589-127b0a7a3dfb,Nelson403 Osinski784,M,GENERAL PRACTICE,2099 NIAGARA FALLS BOULEVARD,AMHERST,NY,14228,54,
f42a31fb-e2d5-43d5-bd36-24cf22f83331,d29ef78b-1eb4-4243-8edd-856d588a479a,Annita733 Heller342,F,GENERAL PRACTICE,2226 PENFIELD ROAD,PENFIELD,NY,14526,29,
2fc10a67-704e-429f-9e19-cba2b967d040,6d12f20a-5cc2-4d53-be7d-7617a320b625,Elicia233 Littel644,F,GENERAL PRACTICE,5700 WEST GENESEE STREET,CAMILLUS,NY,13031,16,
86719c47-12a7-434b-a6ae-13bc2ab45ef5,aa68e53b-2b12-4834-9880-5e0bb91ce486,Brenton674 Daugherty69,M,GENERAL PRACTICE,1418 UNION AVENUE,NEWBURGH,NY,12550,6,
b0b8a0ca-5d0a-4334-b01e-8ef0ff71a84d,3293c1f7-aa8a-47d5-8a4f-054643806b5a,Bree992 Larson43,F,GENERAL PRACTICE,7518 SOUTH STATE STREET,LOWVILLE,NY,13367,5,
d194b4ed-5ce9-4b8a-b6ef-f0edc632d517,cf594616-c78d-4c4d-b368-30e93e31aeb5,Gaylord332 Nicolas769,M,GENERAL PRACTICE,155 WHITE PLAINS ROAD,TARRYTOWN,NY,10591,333,
a7477a88-df05-4bfb-85c2-96087b5376b4,86fcafd4-6101-414a-8882-5e52e0a37581,Lavera253 Ankunding277,F,GENERAL PRACTICE,8240 CAZENOVIA ROAD,MANLIUS,NY,13104,6,
ab849f38-4302-4e7b-af2e-264df7c41f0f,de7bae6e-1944-4cc9-b9ef-d506d6bc70e9,Gino587 Roberts511,M,GENERAL PRACTICE,6161 TRANSIT ROAD,EAST AMHERST,NY,14051,14,
89c767da-4522-49c5-8495-fa9814914300,c8bee7fa-c920-48c8-9eff-88e8af7a6eaa,Florencia449 Nájera755,F,GENERAL PRACTICE,363 DELAWARE AVENUE,DELMAR,NY,12054,17,
55c9c86c-93c5-4c97-8722-498c6ccd19d3,32db091e-716b-4573-8f74-c00579949e32,Estefana715 McDermott739,F,GENERAL PRACTICE,400 PATROON CREEK BOULEVARD,ALBANY,NY,12206,21,
29dd3db8-9968-466a-8ba8-2c540b49fa89,6cd9c8f2-68b2-41e4-a5e6-05feb6b58b91,Collette420 Doyle959,F,GENERAL PRACTICE,120 GARDENVILLE PARKWAY WEST,BUFFALO,NY,14224,906,
fc36606e-7a0e-464e-90e0-6b0d17feed12,accb2f7a-58d0-40ba-8397-3bb78d745f12,Clara183 Nájera755,F,GENERAL PRACTICE,5100 WEST TAFT ROAD,LIVERPOOL,NY,13088,50,
8f97fdab-3308-465b-b72d-182364fc29c3,a53e77ec-f75c-42d0-a5d4-25f905693c64,Alberto639 Corkery305,M,GENERAL PRACTICE,739 IRVING AVENUE,SYRACUSE,NY,13210,630,
e9e8acb0-a6d1-4e06-a3fd-5f8e2722c7b4,51cda79a-7bf9-49b2-8ed2-0190841f3aef,Felicidad691 Mills423,F,GENERAL PRACTICE,2727 HAMBURG STREET,SCHENECTADY,NY,12303,71,
755e6db0-33da-46ca-a073-ddb4b8235596,b4ccda23-7acc-40ce-bbfe-dc7e967d6b84,Alejandra902 Montoya249,F,GENERAL PRACTICE,276 ROBINSON STREET,BINGHAMTON,NY,13904,2,
3aa9d95b-845d-488a-b6a5-0f5096e45a33,78aacbf0-a64c-4646-8d6b-6b5688221de0,Tangela812 Ratke343,F,GENERAL PRACTICE,11835 UNITED STATES HIGHWAY 9 WEST,WEST COXSACKIE,NY,12192,16,
2bb0d839-c3fe-432e-90fc-218e1642482a,77f7bedf-e6fe-4be3-aba3-b3e7c286d0ad,Jerrell6 Towne435,M,GENERAL PRACTICE,1927 SARANAC AVENUE,LAKE PLACID,NY,12946,5,
29d04f39-68fd-430c-8830-a5fba3b8586d,acaa4897-61a2-4c1e-9c55-22f23a352371,Isidro558 Metz686,M,GENERAL PRACTICE,1400 STATE ROUTE 300,NEWBURGH,NY,12550,3,
cb23f0e2-b13b-453b-b390-1488245ee572,2b6c8b6b-646d-4211-9c8c-0b0086940f8b,Hayden835 Johns824,M,GENERAL PRACTICE,61 EMERALD PLACE,ROCK HILL,NY,12775,5,
05eb4865-bc7d-40c5-afec-13a938bd4747,05fa7438-69da-4dfe-811d-814d04f3527b,Jerrell6 Ernser583,M,GENERAL PRACTICE,819 SALINA STREET,SYRACUSE,NY,13202,3,
29cfae6b-a879-4163-9b49-e3a3266ec974,d96ef84c-84fd-4e6e-a539-d6c0929ceed0,Tona622 Quigley282,F,GENERAL PRACTICE,1302 EAST MAIN STREET,ENDICOTT,NY,13760,3,
62056426-4bd2-4e3a-baeb-3ea94896fc39,b9b8b109-1e61-47cd-b452-124008dfeca8,Paulita78 Hoppe518,F,GENERAL PRACTICE,1129 COMMONS AVENUE,CORTLAND,NY,13045,9,
f8a340d9-e797-456b-a3c4-7e2b4cb12611,fcb46825-107e-4c77-a188-4937f96a3cee,Jewel43 Reichert620,M,GENERAL PRACTICE,415 EAST MAIN STREET,ENDICOTT,NY,13760,15,
d1002a8f-f79e-4cc3-bf3d-5f5b11a1ac1a,b05d0706-ca1c-4415-b238-6c41439868c9,Van763 Howell947,M,GENERAL PRACTICE,1989 STATE ROUTE 52,HOPEWELL JUNCTION,NY,12533,36,
ac89ecd4-b7ee-4608-b943-b0b9509192a1,3c56035d-94c9-441a-b166-e5f89771fb93,Kory651 Beahan375,M,GENERAL PRACTICE,7616 TRANSIT ROAD,WILLIAMSVILLE,NY,14221,12,
1c8d2935-604d-4d1b-be22-273bd9ca543a,c50cb261-1e22-4727-96e5-e095d990d2cb,Riley817 Batz141,M,GENERAL PRACTICE,1530 UNITED STATES HIGHWAY 9,WAPPINGERS FALLS,NY,12590,6,
67a795dd-3357-4578-bd2f-a22c8586570b,10726c3b-2619-40e4-b021-0467e535e309,Benton624 Jacobson885,M,GENERAL PRACTICE,711 TROY SCHENECTADY ROAD,LATHAM,NY,12110,1,
15ea5af8-7126-46ae-a105-12fcf5e20897,c13e03d8-91ec-49be-af47-f4de0b39519d,Sonia106 Solorzano931,F,GENERAL PRACTICE,213 MAIN STREET,SALEM,NY,12865,3,
d0db1ab7-1545-4ea6-94d4-d76611e44346,fbf57bb1-a122-4acf-80f1-5266994055c4,Leland44 Streich926,M,GENERAL PRACTICE,1110 STATE HIGHWAY 55,LAGRANGEVILLE,NY,12540,2,
3ce8e51a-983a-4ff9-bb8e-f921371b3cae,018586d8-d3b6-4d86-8e53-48a4086e3baf,Kareem959 Harris789,M,GENERAL PRACTICE,1770 UNITED STATES HIGHWAY 9,CLIFTON PARK,NY,12065,7,
ece79af9-b6ab-430c-bbbb-c217b83758b2,c887d95d-9919-4f15-81f4-14ee07889455,Rod343 O'Conner199,M,GENERAL PRACTICE,1904 GENESEE STREET,UTICA,NY,13502,3,
4551cb7c-0a95-4a2b-9d23-4c6e5c7ce455,de846729-b4ef-42b7-b052-14209abee32c,Delores12 Lynch190,F,GENERAL PRACTICE,739 STATE ROUTE 28,ONEONTA,NY,13820,5,
0831c4f9-97b4-41ec-bacd-ff7c87c5e3d4,e0845d98-f21b-4b66-9faa-28c12738d456,Deirdre267 Rath779,F,GENERAL PRACTICE,3050 ORCHARD PARK ROAD,BUFFALO,NY,14224,40,
d762a0ec-dcbb-465f-853b-d239f2b3ebe9,b6232a31-850d-4e82-b5d9-18574ed7557e,Hilario934 Schinner682,M,GENERAL PRACTICE,4250 ALBANY POST ROAD,HYDE PARK,NY,12538,6,
c388f470-914b-4965-844c-e01989188677,028de3cc-8079-4634-86a1-219e190eb53b,Miguel815 McKenzie376,M,GENERAL PRACTICE,91 CHENANGO BRIDGE ROAD,BINGHAMTON,NY,13901,18,
885e3732-bf2d-45b8-9c8e-0b003ae628e2,0fb71b35-c26e-4aad-a8c4-7e6e21dc75bd,Waldo53 King743,M,GENERAL PRACTICE,2554 UNITED STATES HIGHWAY 9,BALLSTON SPA,NY,12020,1,
41b28eb1-0698-4d12-901c-0519b2c0952f,ff11d360-99d7-420b-9a7b-19069b1073a7,Felipe97 Solorzano931,M,GENERAL PRACTICE,1160 CORPORATE DRIVE,FARMINGTON,NY,14425,18,
e42de856-6153-4994-8fe3-aff9c8e62109,4cb47074-ebb2-4c2f-8967-c20298a2f13c,Ollie731 Konopelski743,M,GENERAL PRACTICE,687 LEE ROAD,ROCHESTER,NY,14606,80,
8a6d48ef-98bf-40d4-af39-4f7b0240275b,32578f4f-bd66-43da-9c74-294fed9e5644,Quintin944 Anderson154,M,GENERAL PRACTICE,1850 BRIGHTON HENRIETTA TOWN LINE ROAD,ROCHESTER,NY,14623,113,
4aedeb88-ea11-40ae-9a7a-bcb065c89ec7,fdedfce6-22b9-489d-bebd-1599dd78fe31,Coleman27 Hills818,M,GENERAL PRACTICE,4103 MEDICAL CENTER DRIVE,FAYETTEVILLE,NY,13066,11,
b21e36b0-a037-4597-8fd2-73d1daf4a178,6d177ec1-2767-45e8-8e96-fc98023a872d,Billie243 Hudson301,M,GENERAL PRACTICE,800 CARTER STREET,ROCHESTER,NY,14621,18,
bd9972bc-b32d-40be-b85a-7e527cbc6e7c,16f9903b-caed-48f4-9e7f-a54ebe613b26,Truman805 Smith67,M,GENERAL PRACTICE,155 CRYSTAL RUN ROAD,MIDDLETOWN,NY,10941,6,
8d2980ad-480e-4b14-b89f-199103932f91,0db7de40-2e3f-4fa8-ad01-e688cbe71beb,Florene115 Carroll471,F,GENERAL PRACTICE,111 MALTESE DRIVE,MIDDLETOWN,NY,10940,9,
c79f476b-192a-48e3-bb75-0a03f72abaf2,5ce6d2d4-a408-4c9a-a176-81a70a7a3254,Harriet337 Fay398,F,GENERAL PRACTICE,1 HATFIELD LANE,GOSHEN,NY,10924,72,
f9cc2990-74e3-460e-b683-a93deb83f242,b1b649c8-89f4-4af1-b40f-a5ef91632099,Jae222 Hauck852,M,GENERAL PRACTICE,1600 MOSELEY ROAD,VICTOR,NY,14564,1,
6ee3e7e5-6900-48d8-9f4f-0f0d2d3c18f9,e1efdccb-b9a4-463c-93bc-5754adfacf8d,Bernardo699 Raya927,M,GENERAL PRACTICE,15 INDIAN ROCK,SUFFERN,NY,10901,5,
ee7a84dc-9e2f-4fc0-aa9a-4d820f56679c,dae17f6b-8d70-45eb-892e-541770bd9eb8,Cordell41 O'Conner199,M,GENERAL PRACTICE,11050 MOUNT BELVEDERE BOULEVARD,FORT DRUM,NY,13602,4,
67a5723b-bc56-48dc-9f6c-6dcf9e0cf2e4,52488496-426c-4a2a-b78f-cbb2607e9cb9,Horace32 Shields502,M,GENERAL PRACTICE,76 NORTH GREENBUSH ROAD,TROY,NY,12180,50,
1877da2d-43e4-4e96-99c9-b2a1af5d6f9e,acee50e1-1c54-4172-a027-6eb05cb40c73,Julia241 Bravo546,F,GENERAL PRACTICE,1182 TROY SCHENECTADY ROAD,LATHAM,NY,12110,1,
b6a5664c-531d-49a4-9b2e-e1f728589acd,c5c6a893-3b15-4699-8684-0851d1480859,Burt293 Cruickshank494,M,GENERAL PRACTICE,354 BROADWAY,SARANAC LAKE,NY,12983,8,
8aff15d3-b4be-45cb-b021-363b60db1abe,728605d5-7fb7-4658-aecc-91109d147140,Louise871 Ward668,F,GENERAL PRACTICE,19472 UNITED STATES HIGHWAY 11,WATERTOWN,NY,13601,14,
a54fe527-aebf-4f96-9021-64b9742c7dab,0b56b9e5-96f2-46e9-b9cf-44ad69793151,Odessa199 Nikolaus26,F,GENERAL PRACTICE,32 GENESEE STREET,HORNELL,NY,14843,5,
d33f59cb-fffd-43b6-a2d1-dd5ffbda265e,d57e25fb-61b9-4599-b63c-9188fbc2325a,Hilton264 Beier427,M,GENERAL PRACTICE,200 MULLIN STREET,WATERTOWN,NY,13601,2,
6aa6566d-7098-4b40-86f7-244f5c47bbe3,96e9c61f-5421-46f8-b2b1-f4e4dca46ecf,Lacy523 Strosin214,F,GENERAL PRACTICE,10 ARROWOOD DRIVE,ITHACA,NY,14850,16,
65e2f593-6609-4853-901e-e8398e1a56fb,57036241-ff6e-4c06-b999-47512dcaac96,Damaris45 Jacobi462,F,GENERAL PRACTICE,2 PERLMAN DRIVE,SPRING VALLEY,NY,10977,41,
a7079a26-d798-43a6-8071-b625cda3f299,b9466f85-5d0b-4d7c-9fe6-9d1a796cbe70,Pattie91 Boehm581,F,GENERAL PRACTICE,123 CONHOCTON STREET,CORNING,NY,14830,26,
6a4dde5d-43ac-493e-9627-5bcaf4439527,c48bde4e-b6da-45d1-8aff-25eb243ed62a,Luther918 Ullrich385,M,GENERAL PRACTICE,79 HAMMOND LANE,PLATTSBURGH,NY,12901,2,
6d2d4e36-961b-4e38-a8de-24ce88936b51,6601d3d2-8b21-4efe-aa5a-fbe9b2478e1a,Ivonne773 Kuhn96,F,GENERAL PRACTICE,1 ASSOCIATE DRIVE,ONEONTA,NY,13820,21,
11d93519-8af0-4e72-b6d1-63b3d53c5961,1dcf30e7-db87-41f8-a784-433b7a914085,Dia700 Vandervort697,F,GENERAL PRACTICE,222 STATE ROUTE 299,HIGHLAND,NY,12528,4,
51abcb53-6022-43af-92d3-9c110f0af58d,c911718c-03ee-4b39-b3a6-febf675895f1,Racheal820 Langworth352,F,GENERAL PRACTICE,40 HURLEY AVENUE,KINGSTON,NY,12401,488,
729099eb-a090-4e87-8031-84244be14598,54f17529-ce92-4b79-a630-592d2599a183,Mac103 Crooks415,M,GENERAL PRACTICE,100 BROAD STREET,GLENS FALLS,NY,12801,11,
3e8b7715-c14f-491d-96c8-56c029b16163,74b7a321-1e38-42bd-8047-e880c584b7ec,Dianne921 Marvin195,F,GENERAL PRACTICE,319 BAY ROAD,QUEENSBURY,NY,12804,8,
be5630fe-5482-4cbd-a7f3-25a18cc6ac43,bf8832f9-c487-4769-b599-e5a6e4412f87,Twana617 Beer512,F,GENERAL PRACTICE,3040 STATE ROUTE 50,SARATOGA SPRINGS,NY,12866,6,
cdfec45a-69c0-4f1c-ab76-16197046108c,f3e0e5a3-f29e-43a2-a36f-3a9a4e8f433e,Marilee479 King743,F,GENERAL PRACTICE,1 TALLOW WOOD DRIVE,CLIFTON PARK,NY,12065,8,
5937310d-f381-46e6-b02c-f815ecafb2c7,fbd95a57-9ac9-49da-a136-a1bb8bca11d2,Demetria799 Windler79,F,GENERAL PRACTICE,91 PERIMETER ROAD,ROME,NY,13441,14,
497a5513-c029-4a6b-9365-ffe1bfaf74a6,7144083e-1305-470f-b88b-22070050b4de,Yun266 Cormier289,F,GENERAL PRACTICE,598 COLUMBIA TURNPIKE,EAST GREENBUSH,NY,12061,12,
eb259aa0-813a-4aa7-ab22-9bbe54ea20af,55ff4e64-28af-4fc4-bc0d-2ff84a0476c6,Ezra452 Schowalter414,M,GENERAL PRACTICE,1729 BURRSTONE ROAD,NEW HARTFORD,NY,13413,4,
1f3f8203-ad9d-4415-b724-aab9ccd7ca9d,dc45594e-97e8-4cbe-b0d7-b32e03f8e44f,Merrie964 Effertz744,F,GENERAL PRACTICE,130 CENTER WAY,CORNING,NY,14830,2,
279525ed-4f76-4fa9-a817-279f5951ea48,7de72c07-a20c-48be-a186-c3f6f299c194,Megan108 Heller342,F,GENERAL PRACTICE,321 EAST ALBANY STREET,HERKIMER,NY,13350,50,
2ce8a4aa-df94-480e-a3be-9a21e62110a0,ff2c7ca4-b212-456b-9359-931a928ab49b,Pok428 Ward668,F,GENERAL PRACTICE,2029 JERICHO TURNPIKE,NEW HYDE PARK,NY,11040,7,
0cee5a33-28a2-4d6e-b13b-6e71e6b923d5,9bc74cb4-9d61-4fb8-a499-615693e0c876,Laraine204 Muller251,F,GENERAL PRACTICE,150 PURCHASE STREET,RYE,NY,10580,15,
f34a87c3-7847-4543-a53a-579fcc837459,9e3f6fcd-8d2b-448a-9bf9-397ca671988b,Simone657 Hoeger474,F,GENERAL PRACTICE,465 WILLIS AVENUE,WILLISTON PARK,NY,11596,461,
be2415d0-c628-4996-a581-1957d49a3369,4c4f5ce6-1b7a-441a-a2f9-f36c932a84d4,Francoise850 Marquardt819,F,GENERAL PRACTICE,150 SUNRISE HIGHWAY,LINDENHURST,NY,11757,3,
f4e85627-5e5a-4b83-a917-e8edf01606db,3a2f7b9c-3b13-4d8b-8fdd-a41a59ac4b77,Gisele901 Zemlak964,F,GENERAL PRACTICE,210 WESTCHESTER AVENUE,WHITE PLAINS,NY,10604,47,
7f0e7ade-3728-42ba-80ff-7ef408eae51e,3947ceba-c78a-47b2-9497-cfac6bc85af1,Marguerita493 Funk324,F,GENERAL PRACTICE,3594 EAST TREMONT AVENUE,BRONX,NY,10465,58,
816aded7-5dc3-42b4-a442-5b98a3d964a6,61f8a17f-66c6-460b-b0d0-968fd78b1f16,Jamila16 Emmerich580,F,GENERAL PRACTICE,2 MAIN STREET,HEMPSTEAD,NY,11550,12,
7dde34c4-2c66-4c64-adc6-60fc0cc939e6,67359073-7a5c-4d86-b3c9-347470a6b512,Javier97 Haag279,M,GENERAL PRACTICE,210-21 NORTHERN BOULEVARD,BAYSIDE,NY,11361,24,
c2a8d44b-c44a-4914-9f21-1092ab200d3c,6f67ba49-5f92-443f-bdb5-8dbb22f6c1c2,Aurelio227 Lang846,M,GENERAL PRACTICE,365 BROADWAY,AMITYVILLE,NY,11701,4,
88ac0613-c6b6-4ef2-b90b-c7447d87c8ee,344db28e-c2ef-41e9-ab10-25ce798f3c0f,Whitney250 Lueilwitz711,M,GENERAL PRACTICE,2360 GRAND AVENUE,BALDWIN,NY,11510,36,
